{
  "id": "3245915",
  "name": "超级共识",
  "font_family": "iconfont",
  "css_prefix_text": "icon-",
  "description": "适用于BaaS系统、溯源系统等",
  "glyphs": [
    {
      "icon_id": "28230228",
      "name": "home",
      "font_class": "home",
      "unicode": "e643",
      "unicode_decimal": 58947
    },
    {
      "icon_id": "28230229",
      "name": "Api",
      "font_class": "Api",
      "unicode": "e644",
      "unicode_decimal": 58948
    },
    {
      "icon_id": "28230230",
      "name": "doubleup",
      "font_class": "doubleup",
      "unicode": "e645",
      "unicode_decimal": 58949
    },
    {
      "icon_id": "28230231",
      "name": "eye",
      "font_class": "eye",
      "unicode": "e646",
      "unicode_decimal": 58950
    },
    {
      "icon_id": "28230232",
      "name": "排序",
      "font_class": "paixu",
      "unicode": "e647",
      "unicode_decimal": 58951
    },
    {
      "icon_id": "28230233",
      "name": "Gateway",
      "font_class": "Gateway",
      "unicode": "e648",
      "unicode_decimal": 58952
    },
    {
      "icon_id": "28230234",
      "name": "deployment unit",
      "font_class": "a-deploymentunit",
      "unicode": "e649",
      "unicode_decimal": 58953
    },
    {
      "icon_id": "28230235",
      "name": "doubledown",
      "font_class": "doubledown",
      "unicode": "e64a",
      "unicode_decimal": 58954
    },
    {
      "icon_id": "28230236",
      "name": "clouddownload",
      "font_class": "clouddownload",
      "unicode": "e64b",
      "unicode_decimal": 58955
    },
    {
      "icon_id": "28230237",
      "name": "Info-Circle",
      "font_class": "Info-Circle",
      "unicode": "e64c",
      "unicode_decimal": 58956
    },
    {
      "icon_id": "28230238",
      "name": "Minus-Square",
      "font_class": "Minus-Square",
      "unicode": "e64d",
      "unicode_decimal": 58957
    },
    {
      "icon_id": "28230239",
      "name": "App store",
      "font_class": "a-Appstore",
      "unicode": "e64e",
      "unicode_decimal": 58958
    },
    {
      "icon_id": "28230240",
      "name": "totop",
      "font_class": "totop",
      "unicode": "e64f",
      "unicode_decimal": 58959
    },
    {
      "icon_id": "28230241",
      "name": "interation",
      "font_class": "interation",
      "unicode": "e650",
      "unicode_decimal": 58960
    },
    {
      "icon_id": "28230242",
      "name": "copy",
      "font_class": "copy",
      "unicode": "e651",
      "unicode_decimal": 58961
    },
    {
      "icon_id": "28230243",
      "name": "Reload",
      "font_class": "Reload",
      "unicode": "e652",
      "unicode_decimal": 58962
    },
    {
      "icon_id": "28230244",
      "name": "read",
      "font_class": "read",
      "unicode": "e653",
      "unicode_decimal": 58963
    },
    {
      "icon_id": "28230245",
      "name": "double right",
      "font_class": "a-doubleright",
      "unicode": "e654",
      "unicode_decimal": 58964
    },
    {
      "icon_id": "28230246",
      "name": "SwapRight",
      "font_class": "SwapRight",
      "unicode": "e655",
      "unicode_decimal": 58965
    },
    {
      "icon_id": "28230247",
      "name": "Loading",
      "font_class": "Loading",
      "unicode": "e656",
      "unicode_decimal": 58966
    },
    {
      "icon_id": "28230248",
      "name": "Small up",
      "font_class": "a-Smallup",
      "unicode": "e657",
      "unicode_decimal": 58967
    },
    {
      "icon_id": "28230249",
      "name": "Attachment",
      "font_class": "Attachment",
      "unicode": "e658",
      "unicode_decimal": 58968
    },
    {
      "icon_id": "28230250",
      "name": "Plus",
      "font_class": "Plus",
      "unicode": "e659",
      "unicode_decimal": 58969
    },
    {
      "icon_id": "28230251",
      "name": "File search",
      "font_class": "a-Filesearch",
      "unicode": "e65a",
      "unicode_decimal": 58970
    },
    {
      "icon_id": "28230252",
      "name": "Right",
      "font_class": "Right1",
      "unicode": "e65b",
      "unicode_decimal": 58971
    },
    {
      "icon_id": "28230253",
      "name": "fullscreen",
      "font_class": "fullscreen",
      "unicode": "e65c",
      "unicode_decimal": 58972
    },
    {
      "icon_id": "28230254",
      "name": "Detail",
      "font_class": "Detail",
      "unicode": "e65d",
      "unicode_decimal": 58973
    },
    {
      "icon_id": "28230255",
      "name": "Subtract",
      "font_class": "Subtract",
      "unicode": "e65e",
      "unicode_decimal": 58974
    },
    {
      "icon_id": "28230256",
      "name": "unfold",
      "font_class": "unfold",
      "unicode": "e65f",
      "unicode_decimal": 58975
    },
    {
      "icon_id": "28230257",
      "name": "Download",
      "font_class": "Download",
      "unicode": "e660",
      "unicode_decimal": 58976
    },
    {
      "icon_id": "28230258",
      "name": "Upload",
      "font_class": "Upload",
      "unicode": "e661",
      "unicode_decimal": 58977
    },
    {
      "icon_id": "28230259",
      "name": "Insurance",
      "font_class": "Insurance",
      "unicode": "e662",
      "unicode_decimal": 58978
    },
    {
      "icon_id": "28230260",
      "name": "fullscreen-exit",
      "font_class": "fullscreen-exit",
      "unicode": "e663",
      "unicode_decimal": 58979
    },
    {
      "icon_id": "28230261",
      "name": "earth",
      "font_class": "earth",
      "unicode": "e664",
      "unicode_decimal": 58980
    },
    {
      "icon_id": "28230262",
      "name": "Outdent",
      "font_class": "Outdent",
      "unicode": "e665",
      "unicode_decimal": 58981
    },
    {
      "icon_id": "28230263",
      "name": "User",
      "font_class": "User",
      "unicode": "e666",
      "unicode_decimal": 58982
    },
    {
      "icon_id": "28230264",
      "name": "Mail",
      "font_class": "Mail",
      "unicode": "e667",
      "unicode_decimal": 58983
    },
    {
      "icon_id": "28230265",
      "name": "packup",
      "font_class": "packup",
      "unicode": "e668",
      "unicode_decimal": 58984
    },
    {
      "icon_id": "28230266",
      "name": "Setting",
      "font_class": "Setting",
      "unicode": "e669",
      "unicode_decimal": 58985
    },
    {
      "icon_id": "28230267",
      "name": "delete",
      "font_class": "delete",
      "unicode": "e66a",
      "unicode_decimal": 58986
    },
    {
      "icon_id": "28230268",
      "name": "location",
      "font_class": "location",
      "unicode": "e66b",
      "unicode_decimal": 58987
    },
    {
      "icon_id": "28230269",
      "name": "switchover",
      "font_class": "switchover",
      "unicode": "e66c",
      "unicode_decimal": 58988
    },
    {
      "icon_id": "28230270",
      "name": "left",
      "font_class": "left",
      "unicode": "e66d",
      "unicode_decimal": 58989
    },
    {
      "icon_id": "28230271",
      "name": "Question-Circle-Line",
      "font_class": "Question-Circle-Line",
      "unicode": "e66e",
      "unicode_decimal": 58990
    },
    {
      "icon_id": "28230272",
      "name": "Pie chare",
      "font_class": "a-Piechare",
      "unicode": "e66f",
      "unicode_decimal": 58991
    },
    {
      "icon_id": "28230273",
      "name": "plus-square",
      "font_class": "plus-square",
      "unicode": "e670",
      "unicode_decimal": 58992
    },
    {
      "icon_id": "28230274",
      "name": "Time",
      "font_class": "Time",
      "unicode": "e671",
      "unicode_decimal": 58993
    },
    {
      "icon_id": "28230275",
      "name": "Sync",
      "font_class": "Sync",
      "unicode": "e672",
      "unicode_decimal": 58994
    },
    {
      "icon_id": "28230276",
      "name": "Save",
      "font_class": "Save",
      "unicode": "e673",
      "unicode_decimal": 58995
    },
    {
      "icon_id": "28230277",
      "name": "Up",
      "font_class": "Up1",
      "unicode": "e674",
      "unicode_decimal": 58996
    },
    {
      "icon_id": "28230278",
      "name": "Eye-Close",
      "font_class": "Eye-Close",
      "unicode": "e675",
      "unicode_decimal": 58997
    },
    {
      "icon_id": "28230279",
      "name": "maximize",
      "font_class": "maximize",
      "unicode": "e676",
      "unicode_decimal": 58998
    },
    {
      "icon_id": "28230280",
      "name": "Down",
      "font_class": "Down1",
      "unicode": "e677",
      "unicode_decimal": 58999
    },
    {
      "icon_id": "28230281",
      "name": "Control",
      "font_class": "Control",
      "unicode": "e678",
      "unicode_decimal": 59000
    },
    {
      "icon_id": "28230282",
      "name": "Small down",
      "font_class": "a-Smalldown",
      "unicode": "e679",
      "unicode_decimal": 59001
    },
    {
      "icon_id": "28230283",
      "name": "Search",
      "font_class": "Search",
      "unicode": "e67a",
      "unicode_decimal": 59002
    },
    {
      "icon_id": "28230284",
      "name": "Message",
      "font_class": "Message",
      "unicode": "e67b",
      "unicode_decimal": 59003
    },
    {
      "icon_id": "28230285",
      "name": "safety certificate",
      "font_class": "a-safetycertificate",
      "unicode": "e67c",
      "unicode_decimal": 59004
    },
    {
      "icon_id": "28230286",
      "name": "Warning-Circle",
      "font_class": "Warning-Circle",
      "unicode": "e67d",
      "unicode_decimal": 59005
    },
    {
      "icon_id": "28230210",
      "name": "Close",
      "font_class": "Close",
      "unicode": "e631",
      "unicode_decimal": 58929
    },
    {
      "icon_id": "28230211",
      "name": "Close-Circle",
      "font_class": "Close-Circle",
      "unicode": "e632",
      "unicode_decimal": 58930
    },
    {
      "icon_id": "28230212",
      "name": "Container",
      "font_class": "Container",
      "unicode": "e633",
      "unicode_decimal": 58931
    },
    {
      "icon_id": "28230213",
      "name": "Check-Circle",
      "font_class": "Check-Circle",
      "unicode": "e634",
      "unicode_decimal": 58932
    },
    {
      "icon_id": "28230214",
      "name": "Calendar",
      "font_class": "Calendar",
      "unicode": "e635",
      "unicode_decimal": 58933
    },
    {
      "icon_id": "28230215",
      "name": "Bell",
      "font_class": "Bell",
      "unicode": "e636",
      "unicode_decimal": 58934
    },
    {
      "icon_id": "28230216",
      "name": "arrawsalt",
      "font_class": "arrawsalt",
      "unicode": "e637",
      "unicode_decimal": 58935
    },
    {
      "icon_id": "28230217",
      "name": "Batch folding",
      "font_class": "a-Batchfolding",
      "unicode": "e638",
      "unicode_decimal": 58936
    },
    {
      "icon_id": "28230218",
      "name": "ArrowUp",
      "font_class": "ArrowUp",
      "unicode": "e639",
      "unicode_decimal": 58937
    },
    {
      "icon_id": "28230219",
      "name": "ArrowDown",
      "font_class": "ArrowDown",
      "unicode": "e63a",
      "unicode_decimal": 58938
    },
    {
      "icon_id": "28230220",
      "name": "Check",
      "font_class": "Check",
      "unicode": "e63b",
      "unicode_decimal": 58939
    },
    {
      "icon_id": "28230221",
      "name": "AntDesign",
      "font_class": "AntDesign",
      "unicode": "e63c",
      "unicode_decimal": 58940
    },
    {
      "icon_id": "28230222",
      "name": "Exclaimination",
      "font_class": "Exclaimination",
      "unicode": "e63d",
      "unicode_decimal": 58941
    },
    {
      "icon_id": "28230223",
      "name": "edit-square",
      "font_class": "edit-square",
      "unicode": "e63e",
      "unicode_decimal": 58942
    },
    {
      "icon_id": "28230224",
      "name": "audit",
      "font_class": "audit",
      "unicode": "e63f",
      "unicode_decimal": 58943
    },
    {
      "icon_id": "28230225",
      "name": "export",
      "font_class": "export",
      "unicode": "e640",
      "unicode_decimal": 58944
    },
    {
      "icon_id": "28230226",
      "name": "Ellipsis",
      "font_class": "Ellipsis",
      "unicode": "e641",
      "unicode_decimal": 58945
    },
    {
      "icon_id": "28230227",
      "name": "doubleleft",
      "font_class": "doubleleft",
      "unicode": "e642",
      "unicode_decimal": 58946
    },
    {
      "icon_id": "28230189",
      "name": "Ie",
      "font_class": "Ie",
      "unicode": "e61f",
      "unicode_decimal": 58911
    },
    {
      "icon_id": "28230190",
      "name": "Info--Circle-Fill",
      "font_class": "Info--Circle-Fill",
      "unicode": "e620",
      "unicode_decimal": 58912
    },
    {
      "icon_id": "28230191",
      "name": "eye-close",
      "font_class": "eye-close",
      "unicode": "e621",
      "unicode_decimal": 58913
    },
    {
      "icon_id": "28230192",
      "name": "Sort",
      "font_class": "Sort",
      "unicode": "e622",
      "unicode_decimal": 58914
    },
    {
      "icon_id": "28230193",
      "name": "Down",
      "font_class": "Down",
      "unicode": "e623",
      "unicode_decimal": 58915
    },
    {
      "icon_id": "28230194",
      "name": "Warning-Circle-Fill",
      "font_class": "Warning-Circle-Fill",
      "unicode": "e624",
      "unicode_decimal": 58916
    },
    {
      "icon_id": "28230195",
      "name": "filter",
      "font_class": "filter",
      "unicode": "e625",
      "unicode_decimal": 58917
    },
    {
      "icon_id": "28230196",
      "name": "Right",
      "font_class": "Right",
      "unicode": "e626",
      "unicode_decimal": 58918
    },
    {
      "icon_id": "28230197",
      "name": "Close-Circle-Fill",
      "font_class": "Close-Circle-Fill",
      "unicode": "e627",
      "unicode_decimal": 58919
    },
    {
      "icon_id": "28230198",
      "name": "Up",
      "font_class": "Up",
      "unicode": "e628",
      "unicode_decimal": 58920
    },
    {
      "icon_id": "28230199",
      "name": "Left",
      "font_class": "Left",
      "unicode": "e629",
      "unicode_decimal": 58921
    },
    {
      "icon_id": "28230200",
      "name": "play-circle-fill",
      "font_class": "play-circle-fill",
      "unicode": "e62a",
      "unicode_decimal": 58922
    },
    {
      "icon_id": "28230201",
      "name": "Sound-On",
      "font_class": "Sound-On",
      "unicode": "e62b",
      "unicode_decimal": 58923
    },
    {
      "icon_id": "28230202",
      "name": "Sound-Off",
      "font_class": "Sound-Off",
      "unicode": "e62c",
      "unicode_decimal": 58924
    },
    {
      "icon_id": "28230203",
      "name": "weibo",
      "font_class": "weibo",
      "unicode": "e62d",
      "unicode_decimal": 58925
    },
    {
      "icon_id": "28230204",
      "name": "Question-Circle-Fill",
      "font_class": "Question-Circle-Fill",
      "unicode": "e62e",
      "unicode_decimal": 58926
    },
    {
      "icon_id": "28230205",
      "name": "phone",
      "font_class": "phone",
      "unicode": "e62f",
      "unicode_decimal": 58927
    },
    {
      "icon_id": "28230206",
      "name": "Check-Circle-Fill",
      "font_class": "Check-Circle-Fill",
      "unicode": "e630",
      "unicode_decimal": 58928
    }
  ]
}
